unidade;andar;posicao;area;sacada;preco;status
101;1;Frente;47;sim;230000;Vendido
102;1;Frente;47;sim;230000;Disponível
103;1;Fundos;43;nao;200000;Disponível
104;1;Fundos;43;nao;200000;Disponível
201;2;Frente;47;sim;260000;Disponível
202;2;Frente;47;sim;260000;Disponível
203;2;Fundos;43;nao;230000;Reservado
204;2;Fundos;43;nao;230000;Vendido
301;3;Frente;47;sim;290000;Disponível
302;3;Frente;47;sim;290000;Disponível
303;3;Fundos;43;nao;260000;Disponível
304;3;Fundos;43;nao;260000;Disponível
401;4;Frente;47;sim;320000;Reservado
402;4;Frente;47;sim;320000;Disponível
403;4;Fundos;43;nao;290000;Vendido
404;4;Fundos;43;nao;290000;Disponível
501;5;Frente;47;sim;350000;Disponível
502;5;Frente;47;sim;350000;Disponível
503;5;Fundos;43;nao;320000;Reservado
504;5;Fundos;43;nao;320000;Disponível
601;6;Frente;47;sim;380000;Disponível
602;6;Frente;47;sim;380000;Vendido
603;6;Fundos;43;nao;350000;Disponível
604;6;Fundos;43;nao;350000;Disponível
701;7;Frente;47;sim;410000;Reservado
702;7;Frente;47;sim;410000;Disponível
703;7;Fundos;43;nao;380000;Disponível
704;7;Fundos;43;nao;380000;Disponível
801;8;Frente;47;sim;440000;Vendido
802;8;Frente;47;sim;440000;Disponível
803;8;Fundos;43;nao;410000;Reservado
804;8;Fundos;43;nao;410000;Disponível
901;9;Frente;47;sim;470000;Disponível
902;9;Frente;47;sim;470000;Disponível
903;9;Fundos;43;nao;440000;Disponível
904;9;Fundos;43;nao;440000;Vendido
1001;10;Frente;47;sim;500000;Reservado
1002;10;Frente;47;sim;500000;Disponível
1003;10;Fundos;43;nao;470000;Disponível
1004;10;Fundos;43;nao;470000;Disponível
